[
    {
      "id" : 1089,
      "name": "Ananya Sharma",
      "data": [
        {
          "Date": "Monday, 15-May-2024",
          "Fasting": {
            "medication": "Metformin",
            "blood_glucose_level": "95 mg/dL at 6:30 AM",
            "blood_pressure": "120/80 mm/Hg at 6:35 AM",
            "weight": "70 kg",
            "basal_insulin": "10 units at 6:40 AM"
          },
          "Breakfast": {
            "medication": "Metformin",
            "blood_glucose_level": "150 mg/dL at 8:30 AM",
            "blood_pressure": "125/82 mm/Hg at 8:35 AM",
            "weight": "70 kg",
            "basal_insulin": "10 units at 8:40 AM"
          },
          "Lunch": {
            "medication": "None",
            "blood_glucose_level": "180 mg/dL at 12:45 PM",
            "blood_pressure": "128/85 mm/Hg at 12:50 PM",
            "weight": "70 kg",
            "basal_insulin": "None"
          },
          "Dinner": {
            "medication": "Metformin",
            "blood_glucose_level": "170 mg/dL at 7:00 PM",
            "blood_pressure": "122/80 mm/Hg at 7:05 PM",
            "weight": "70 kg",
            "basal_insulin": "10 units at 7:10 PM"
          },
          "Bedtime": {
            "medication": "Metformin",
            "blood_glucose_level": "110 mg/dL at 10:30 PM",
            "blood_pressure": "120/78 mm/Hg at 10:35 PM",
            "weight": "70 kg",
            "basal_insulin": "10 units at 10:40 PM"
          },
          "other": {
            "medication": "None",
            "blood_glucose_level": "140 mg/dL at 3:00 PM",
            "blood_pressure": "126/84 mm/Hg at 3:05 PM",
            "weight": "70 kg",
            "basal_insulin": "None"
          }
        }
        
      ]
    },
    {
      "id" : 1088,
      "name": "Rohan Singh",
      "data": [
        {
          "Date": "Monday, 15-May-2024",
          "Fasting": {
            "medication": "Metformin",
            "blood_glucose_level": "105 mg/dL at 6:30 AM",
            "blood_pressure": "122/80 mm/Hg at 6:35 AM",
            "weight": "75 kg",
            "basal_insulin": "12 units at 6:40 AM"
          },
          "Breakfast": {
            "medication": "Metformin",
            "blood_glucose_level": "145 mg/dL at 8:30 AM",
            "blood_pressure": "124/81 mm/Hg at 8:35 AM",
            "weight": "75 kg",
            "basal_insulin": "12 units at 8:40 AM"
          },
          "Lunch": {
            "medication": "None",
            "blood_glucose_level": "175 mg/dL at 12:45 PM",
            "blood_pressure": "126/82 mm/Hg at 12:50 PM",
            "weight": "75 kg",
            "basal_insulin": "None"
          },
          "Dinner": {
            "medication": "Metformin",
            "blood_glucose_level": "165 mg/dL at 7:00 PM",
            "blood_pressure": "120/79 mm/Hg at 7:05 PM",
            "weight": "75 kg",
            "basal_insulin": "12 units at 7:10 PM"
          },
          "Bedtime": {
            "medication": "Metformin",
            "blood_glucose_level": "112 mg/dL at 10:30 PM",
            "blood_pressure": "119/77 mm/Hg at 10:35 PM",
            "weight": "75 kg",
            "basal_insulin": "12 units at 10:40 PM"
          },
          "other": {
            "medication": "None",
            "blood_glucose_level": "135 mg/dL at 3:00 PM",
            "blood_pressure": "122/80 mm/Hg at 3:05 PM",
            "weight": "75 kg",
            "basal_insulin": "None"
          }
        }
        
      ]
    },
    {
      "id" : 1087,
      "name": "Priya Desai",
      "data": [
        {
          "Date": "Monday, 15-May-2024",
          "Fasting": {
            "medication": "Glipizide",
            "blood_glucose_level": "92 mg/dL at 6:30 AM",
            "blood_pressure": "115/75 mm/Hg at 6:35 AM",
            "weight": "68 kg",
            "basal_insulin": "8 units at 6:40 AM"
          },
          "Breakfast": {
            "medication": "Glipizide",
            "blood_glucose_level": "140 mg/dL at 8:30 AM",
            "blood_pressure": "118/77 mm/Hg at 8:35 AM",
            "weight": "68 kg",
            "basal_insulin": "8 units at 8:40 AM"
          },
          "Lunch": {
            "medication": "None",
            "blood_glucose_level": "160 mg/dL at 12:45 PM",
            "blood_pressure": "120/78 mm/Hg at 12:50 PM",
            "weight": "68 kg",
            "basal_insulin": "None"
          },
          "Dinner": {
            "medication": "Glipizide",
            "blood_glucose_level": "150 mg/dL at 7:00 PM",
            "blood_pressure": "116/76 mm/Hg at 7:05 PM",
            "weight": "68 kg",
            "basal_insulin": "8 units at 7:10 PM"
          },
          "Bedtime": {
            "medication": "Glipizide",
            "blood_glucose_level": "105 mg/dL at 10:30 PM",
            "blood_pressure": "115/75 mm/Hg at 10:35 PM",
            "weight": "68 kg",
            "basal_insulin": "8 units at 10:40 PM"
          },
          "other": {
            "medication": "None",
            "blood_glucose_level": "130 mg/dL at 3:00 PM",
            "blood_pressure": "118/77 mm/Hg at 3:05 PM",
            "weight": "68 kg",
            "basal_insulin": "None"
          }
        }
        
      ]
    },
    {
      "id" : 1087,
      "name": "Vikram Gupta",
      "data": [
        {
          "Date": "Monday, 15-May-2024",
          "Fasting": {
            "medication": "Insulin",
            "blood_glucose_level": "98 mg/dL at 6:30 AM",
            "blood_pressure": "121/79 mm/Hg at 6:35 AM",
            "weight": "80 kg",
            "basal_insulin": "14 units at 6:40 AM"
          },
          "Breakfast": {
            "medication": "Insulin",
            "blood_glucose_level": "135 mg/dL at 8:30 AM",
            "blood_pressure": "124/80 mm/Hg at 8:35 AM",
            "weight": "80 kg",
            "basal_insulin": "14 units at 8:40 AM"
          },
          "Lunch": {
            "medication": "None",
            "blood_glucose_level": "170 mg/dL at 12:45 PM",
            "blood_pressure": "126/81 mm/Hg at 12:50 PM",
            "weight": "80 kg",
            "basal_insulin": "None"
          },
          "Dinner": {
            "medication": "Insulin",
            "blood_glucose_level": "160 mg/dL at 7:00 PM",
            "blood_pressure": "122/78 mm/Hg at 7:05 PM",
            "weight": "80 kg",
            "basal_insulin": "14 units at 7:10 PM"
          },
          "Bedtime": {
            "medication": "Insulin",
            "blood_glucose_level": "115 mg/dL at 10:30 PM",
            "blood_pressure": "120/76 mm/Hg at 10:35 PM",
            "weight": "80 kg",
            "basal_insulin": "14 units at 10:40 PM"
          },
          "other": {
            "medication": "None",
            "blood_glucose_level": "145 mg/dL at 3:00 PM",
            "blood_pressure": "124/80 mm/Hg at 3:05 PM",
            "weight": "80 kg",
            "basal_insulin": "None"
          }
        }
        
      ]
    },
    {
      "id" : 1086,
      "name": "Neha Verma",
      "data": [
        {
          "Date": "Monday, 15-May-2024",
          "Fasting": {
            "medication": "Gliclazide",
            "blood_glucose_level": "90 mg/dL at 6:30 AM",
            "blood_pressure": "118/77 mm/Hg at 6:35 AM",
            "weight": "65 kg",
            "basal_insulin": "7 units at 6:40 AM"
          },
          "Breakfast": {
            "medication": "Gliclazide",
            "blood_glucose_level": "140 mg/dL at 8:30 AM",
            "blood_pressure": "121/79 mm/Hg at 8:35 AM",
            "weight": "65 kg",
            "basal_insulin": "7 units at 8:40 AM"
          },
          "Lunch": {
            "medication": "None",
            "blood_glucose_level": "165 mg/dL at 12:45 PM",
            "blood_pressure": "123/80 mm/Hg at 12:50 PM",
            "weight": "65 kg",
            "basal_insulin": "None"
          },
          "Dinner": {
            "medication": "Gliclazide",
            "blood_glucose_level": "155 mg/dL at 7:00 PM",
            "blood_pressure": "120/77 mm/Hg at 7:05 PM",
            "weight": "65 kg",
            "basal_insulin": "7 units at 7:10 PM"
          },
          "Bedtime": {
            "medication": "Gliclazide",
            "blood_glucose_level": "100 mg/dL at 10:30 PM",
            "blood_pressure": "118/75 mm/Hg at 10:35 PM",
            "weight": "65 kg",
            "basal_insulin": "7 units at 10:40 PM"
          },
          "other": {
            "medication": "None",
            "blood_glucose_level": "130 mg/dL at 3:00 PM",
            "blood_pressure": "120/78 mm/Hg at 3:05 PM",
            "weight": "65 kg",
            "basal_insulin": "None"
          }
        }
       
      ]
    }
  ]
  